OS, Window7
랜섬웨어,복구도구
ransomware.exe, recovery1.exe
테스트 날짜, 감염시작, 감염종료, 복구시작, 복구종료
2019년 4월 2일, 2:31:56, 2:32:2, 2:32:6, 2:32:34
테스트한 총 파일 개수, 복구한 파일 개수
240, 240
파일명, 원본 Hash, 감염 Hash, 복구 Hash
101.pdf, 74B8C86ABC9C91334E0A059D1CDB0C5041752A88, CBC9427875AC6C5B0CA09C6289BBD16C8FCDB06A, 74B8C86ABC9C91334E0A059D1CDB0C5041752A88
102.pdf, 74B8C86ABC9C91334E0A059D1CDB0C5041752A88, CBC9427875AC6C5B0CA09C6289BBD16C8FCDB06A, 74B8C86ABC9C91334E0A059D1CDB0C5041752A88
103.pdf, 74B8C86ABC9C91334E0A059D1CDB0C5041752A88, CBC9427875AC6C5B0CA09C6289BBD16C8FCDB06A, 74B8C86ABC9C91334E0A059D1CDB0C5041752A88
104.pdf, 74B8C86ABC9C91334E0A059D1CDB0C5041752A88, CBC9427875AC6C5B0CA09C6289BBD16C8FCDB06A, 74B8C86ABC9C91334E0A059D1CDB0C5041752A88
105.pdf, 74B8C86ABC9C91334E0A059D1CDB0C5041752A88, CBC9427875AC6C5B0CA09C6289BBD16C8FCDB06A, 74B8C86ABC9C91334E0A059D1CDB0C5041752A88
106.pdf, 74B8C86ABC9C91334E0A059D1CDB0C5041752A88, CBC9427875AC6C5B0CA09C6289BBD16C8FCDB06A, 74B8C86ABC9C91334E0A059D1CDB0C5041752A88
107.pdf, 74B8C86ABC9C91334E0A059D1CDB0C5041752A88, CBC9427875AC6C5B0CA09C6289BBD16C8FCDB06A, 74B8C86ABC9C91334E0A059D1CDB0C5041752A88
108.pdf, 74B8C86ABC9C91334E0A059D1CDB0C5041752A88, CBC9427875AC6C5B0CA09C6289BBD16C8FCDB06A, 74B8C86ABC9C91334E0A059D1CDB0C5041752A88
109.pdf, 74B8C86ABC9C91334E0A059D1CDB0C5041752A88, CBC9427875AC6C5B0CA09C6289BBD16C8FCDB06A, 74B8C86ABC9C91334E0A059D1CDB0C5041752A88
110.pdf, 74B8C86ABC9C91334E0A059D1CDB0C5041752A88, CBC9427875AC6C5B0CA09C6289BBD16C8FCDB06A, 74B8C86ABC9C91334E0A059D1CDB0C5041752A88
111.pdf, 74B8C86ABC9C91334E0A059D1CDB0C5041752A88, CBC9427875AC6C5B0CA09C6289BBD16C8FCDB06A, 74B8C86ABC9C91334E0A059D1CDB0C5041752A88
112.pdf, 74B8C86ABC9C91334E0A059D1CDB0C5041752A88, CBC9427875AC6C5B0CA09C6289BBD16C8FCDB06A, 74B8C86ABC9C91334E0A059D1CDB0C5041752A88
113.pdf, 74B8C86ABC9C91334E0A059D1CDB0C5041752A88, CBC9427875AC6C5B0CA09C6289BBD16C8FCDB06A, 74B8C86ABC9C91334E0A059D1CDB0C5041752A88
114.pdf, 74B8C86ABC9C91334E0A059D1CDB0C5041752A88, CBC9427875AC6C5B0CA09C6289BBD16C8FCDB06A, 74B8C86ABC9C91334E0A059D1CDB0C5041752A88
115.pdf, 74B8C86ABC9C91334E0A059D1CDB0C5041752A88, CBC9427875AC6C5B0CA09C6289BBD16C8FCDB06A, 74B8C86ABC9C91334E0A059D1CDB0C5041752A88
116.pdf, 74B8C86ABC9C91334E0A059D1CDB0C5041752A88, CBC9427875AC6C5B0CA09C6289BBD16C8FCDB06A, 74B8C86ABC9C91334E0A059D1CDB0C5041752A88
117.pdf, 74B8C86ABC9C91334E0A059D1CDB0C5041752A88, CBC9427875AC6C5B0CA09C6289BBD16C8FCDB06A, 74B8C86ABC9C91334E0A059D1CDB0C5041752A88
118.pdf, 74B8C86ABC9C91334E0A059D1CDB0C5041752A88, CBC9427875AC6C5B0CA09C6289BBD16C8FCDB06A, 74B8C86ABC9C91334E0A059D1CDB0C5041752A88
119.pdf, 74B8C86ABC9C91334E0A059D1CDB0C5041752A88, CBC9427875AC6C5B0CA09C6289BBD16C8FCDB06A, 74B8C86ABC9C91334E0A059D1CDB0C5041752A88
120.pdf, 74B8C86ABC9C91334E0A059D1CDB0C5041752A88, CBC9427875AC6C5B0CA09C6289BBD16C8FCDB06A, 74B8C86ABC9C91334E0A059D1CDB0C5041752A88
121.pdf, 74B8C86ABC9C91334E0A059D1CDB0C5041752A88, CBC9427875AC6C5B0CA09C6289BBD16C8FCDB06A, 74B8C86ABC9C91334E0A059D1CDB0C5041752A88
122.pdf, 74B8C86ABC9C91334E0A059D1CDB0C5041752A88, CBC9427875AC6C5B0CA09C6289BBD16C8FCDB06A, 74B8C86ABC9C91334E0A059D1CDB0C5041752A88
123.pdf, 74B8C86ABC9C91334E0A059D1CDB0C5041752A88, CBC9427875AC6C5B0CA09C6289BBD16C8FCDB06A, 74B8C86ABC9C91334E0A059D1CDB0C5041752A88
124.pdf, 74B8C86ABC9C91334E0A059D1CDB0C5041752A88, CBC9427875AC6C5B0CA09C6289BBD16C8FCDB06A, 74B8C86ABC9C91334E0A059D1CDB0C5041752A88
125.pdf, 74B8C86ABC9C91334E0A059D1CDB0C5041752A88, CBC9427875AC6C5B0CA09C6289BBD16C8FCDB06A, 74B8C86ABC9C91334E0A059D1CDB0C5041752A88
126.pdf, 74B8C86ABC9C91334E0A059D1CDB0C5041752A88, CBC9427875AC6C5B0CA09C6289BBD16C8FCDB06A, 74B8C86ABC9C91334E0A059D1CDB0C5041752A88
127.pdf, 74B8C86ABC9C91334E0A059D1CDB0C5041752A88, CBC9427875AC6C5B0CA09C6289BBD16C8FCDB06A, 74B8C86ABC9C91334E0A059D1CDB0C5041752A88
128.pdf, 74B8C86ABC9C91334E0A059D1CDB0C5041752A88, CBC9427875AC6C5B0CA09C6289BBD16C8FCDB06A, 74B8C86ABC9C91334E0A059D1CDB0C5041752A88
129.pdf, 74B8C86ABC9C91334E0A059D1CDB0C5041752A88, CBC9427875AC6C5B0CA09C6289BBD16C8FCDB06A, 74B8C86ABC9C91334E0A059D1CDB0C5041752A88
130.pdf, 74B8C86ABC9C91334E0A059D1CDB0C5041752A88, CBC9427875AC6C5B0CA09C6289BBD16C8FCDB06A, 74B8C86ABC9C91334E0A059D1CDB0C5041752A88
131.pdf, 74B8C86ABC9C91334E0A059D1CDB0C5041752A88, CBC9427875AC6C5B0CA09C6289BBD16C8FCDB06A, 74B8C86ABC9C91334E0A059D1CDB0C5041752A88
132.pdf, 74B8C86ABC9C91334E0A059D1CDB0C5041752A88, CBC9427875AC6C5B0CA09C6289BBD16C8FCDB06A, 74B8C86ABC9C91334E0A059D1CDB0C5041752A88
133.pdf, 74B8C86ABC9C91334E0A059D1CDB0C5041752A88, CBC9427875AC6C5B0CA09C6289BBD16C8FCDB06A, 74B8C86ABC9C91334E0A059D1CDB0C5041752A88
134.pdf, 74B8C86ABC9C91334E0A059D1CDB0C5041752A88, CBC9427875AC6C5B0CA09C6289BBD16C8FCDB06A, 74B8C86ABC9C91334E0A059D1CDB0C5041752A88
135.pdf, 74B8C86ABC9C91334E0A059D1CDB0C5041752A88, CBC9427875AC6C5B0CA09C6289BBD16C8FCDB06A, 74B8C86ABC9C91334E0A059D1CDB0C5041752A88
136.pdf, 74B8C86ABC9C91334E0A059D1CDB0C5041752A88, CBC9427875AC6C5B0CA09C6289BBD16C8FCDB06A, 74B8C86ABC9C91334E0A059D1CDB0C5041752A88
137.pdf, 74B8C86ABC9C91334E0A059D1CDB0C5041752A88, CBC9427875AC6C5B0CA09C6289BBD16C8FCDB06A, 74B8C86ABC9C91334E0A059D1CDB0C5041752A88
138.pdf, 74B8C86ABC9C91334E0A059D1CDB0C5041752A88, CBC9427875AC6C5B0CA09C6289BBD16C8FCDB06A, 74B8C86ABC9C91334E0A059D1CDB0C5041752A88
139.pdf, 74B8C86ABC9C91334E0A059D1CDB0C5041752A88, CBC9427875AC6C5B0CA09C6289BBD16C8FCDB06A, 74B8C86ABC9C91334E0A059D1CDB0C5041752A88
140.pdf, 74B8C86ABC9C91334E0A059D1CDB0C5041752A88, CBC9427875AC6C5B0CA09C6289BBD16C8FCDB06A, 74B8C86ABC9C91334E0A059D1CDB0C5041752A88
201.jpg, A1059503F5D206A12BD1B2566286FE78CD3F3F54, F8082379AB8FECBE49BF8FE4B0A6F0DD254009D0, A1059503F5D206A12BD1B2566286FE78CD3F3F54
202.jpg, A1059503F5D206A12BD1B2566286FE78CD3F3F54, F8082379AB8FECBE49BF8FE4B0A6F0DD254009D0, A1059503F5D206A12BD1B2566286FE78CD3F3F54
203.jpg, A1059503F5D206A12BD1B2566286FE78CD3F3F54, F8082379AB8FECBE49BF8FE4B0A6F0DD254009D0, A1059503F5D206A12BD1B2566286FE78CD3F3F54
204.jpg, A1059503F5D206A12BD1B2566286FE78CD3F3F54, F8082379AB8FECBE49BF8FE4B0A6F0DD254009D0, A1059503F5D206A12BD1B2566286FE78CD3F3F54
205.jpg, A1059503F5D206A12BD1B2566286FE78CD3F3F54, F8082379AB8FECBE49BF8FE4B0A6F0DD254009D0, A1059503F5D206A12BD1B2566286FE78CD3F3F54
206.jpg, A1059503F5D206A12BD1B2566286FE78CD3F3F54, F8082379AB8FECBE49BF8FE4B0A6F0DD254009D0, A1059503F5D206A12BD1B2566286FE78CD3F3F54
207.jpg, A1059503F5D206A12BD1B2566286FE78CD3F3F54, F8082379AB8FECBE49BF8FE4B0A6F0DD254009D0, A1059503F5D206A12BD1B2566286FE78CD3F3F54
208.jpg, A1059503F5D206A12BD1B2566286FE78CD3F3F54, F8082379AB8FECBE49BF8FE4B0A6F0DD254009D0, A1059503F5D206A12BD1B2566286FE78CD3F3F54
209.jpg, A1059503F5D206A12BD1B2566286FE78CD3F3F54, F8082379AB8FECBE49BF8FE4B0A6F0DD254009D0, A1059503F5D206A12BD1B2566286FE78CD3F3F54
210.jpg, A4D92AF02E24CCCCC4C28257D265FAC168346CD8, 421867DD61A22910097C4CB2631AAC29C20D4A62, A4D92AF02E24CCCCC4C28257D265FAC168346CD8
211.jpg, A4D92AF02E24CCCCC4C28257D265FAC168346CD8, 421867DD61A22910097C4CB2631AAC29C20D4A62, A4D92AF02E24CCCCC4C28257D265FAC168346CD8
212.jpg, A4D92AF02E24CCCCC4C28257D265FAC168346CD8, 421867DD61A22910097C4CB2631AAC29C20D4A62, A4D92AF02E24CCCCC4C28257D265FAC168346CD8
213.jpg, A4D92AF02E24CCCCC4C28257D265FAC168346CD8, 421867DD61A22910097C4CB2631AAC29C20D4A62, A4D92AF02E24CCCCC4C28257D265FAC168346CD8
214.jpg, A4D92AF02E24CCCCC4C28257D265FAC168346CD8, 421867DD61A22910097C4CB2631AAC29C20D4A62, A4D92AF02E24CCCCC4C28257D265FAC168346CD8
215.jpg, A4D92AF02E24CCCCC4C28257D265FAC168346CD8, 421867DD61A22910097C4CB2631AAC29C20D4A62, A4D92AF02E24CCCCC4C28257D265FAC168346CD8
216.jpg, A4D92AF02E24CCCCC4C28257D265FAC168346CD8, 421867DD61A22910097C4CB2631AAC29C20D4A62, A4D92AF02E24CCCCC4C28257D265FAC168346CD8
217.jpg, A4D92AF02E24CCCCC4C28257D265FAC168346CD8, 421867DD61A22910097C4CB2631AAC29C20D4A62, A4D92AF02E24CCCCC4C28257D265FAC168346CD8
218.jpg, A4D92AF02E24CCCCC4C28257D265FAC168346CD8, 421867DD61A22910097C4CB2631AAC29C20D4A62, A4D92AF02E24CCCCC4C28257D265FAC168346CD8
219.jpg, A4D92AF02E24CCCCC4C28257D265FAC168346CD8, 421867DD61A22910097C4CB2631AAC29C20D4A62, A4D92AF02E24CCCCC4C28257D265FAC168346CD8
220.jpg, A4D92AF02E24CCCCC4C28257D265FAC168346CD8, 421867DD61A22910097C4CB2631AAC29C20D4A62, A4D92AF02E24CCCCC4C28257D265FAC168346CD8
221.jpg, A4D92AF02E24CCCCC4C28257D265FAC168346CD8, 421867DD61A22910097C4CB2631AAC29C20D4A62, A4D92AF02E24CCCCC4C28257D265FAC168346CD8
222.jpg, A4D92AF02E24CCCCC4C28257D265FAC168346CD8, 421867DD61A22910097C4CB2631AAC29C20D4A62, A4D92AF02E24CCCCC4C28257D265FAC168346CD8
223.jpg, A4D92AF02E24CCCCC4C28257D265FAC168346CD8, 421867DD61A22910097C4CB2631AAC29C20D4A62, A4D92AF02E24CCCCC4C28257D265FAC168346CD8
224.jpg, A4D92AF02E24CCCCC4C28257D265FAC168346CD8, 421867DD61A22910097C4CB2631AAC29C20D4A62, A4D92AF02E24CCCCC4C28257D265FAC168346CD8
225.jpg, A4D92AF02E24CCCCC4C28257D265FAC168346CD8, 421867DD61A22910097C4CB2631AAC29C20D4A62, A4D92AF02E24CCCCC4C28257D265FAC168346CD8
226.jpg, A4D92AF02E24CCCCC4C28257D265FAC168346CD8, 421867DD61A22910097C4CB2631AAC29C20D4A62, A4D92AF02E24CCCCC4C28257D265FAC168346CD8
227.jpg, A4D92AF02E24CCCCC4C28257D265FAC168346CD8, 421867DD61A22910097C4CB2631AAC29C20D4A62, A4D92AF02E24CCCCC4C28257D265FAC168346CD8
228.jpg, A4D92AF02E24CCCCC4C28257D265FAC168346CD8, 421867DD61A22910097C4CB2631AAC29C20D4A62, A4D92AF02E24CCCCC4C28257D265FAC168346CD8
229.jpg, A4D92AF02E24CCCCC4C28257D265FAC168346CD8, 421867DD61A22910097C4CB2631AAC29C20D4A62, A4D92AF02E24CCCCC4C28257D265FAC168346CD8
230.jpg, A4D92AF02E24CCCCC4C28257D265FAC168346CD8, 421867DD61A22910097C4CB2631AAC29C20D4A62, A4D92AF02E24CCCCC4C28257D265FAC168346CD8
231.jpg, A4D92AF02E24CCCCC4C28257D265FAC168346CD8, 421867DD61A22910097C4CB2631AAC29C20D4A62, A4D92AF02E24CCCCC4C28257D265FAC168346CD8
232.jpg, A4D92AF02E24CCCCC4C28257D265FAC168346CD8, 421867DD61A22910097C4CB2631AAC29C20D4A62, A4D92AF02E24CCCCC4C28257D265FAC168346CD8
233.jpg, A4D92AF02E24CCCCC4C28257D265FAC168346CD8, 421867DD61A22910097C4CB2631AAC29C20D4A62, A4D92AF02E24CCCCC4C28257D265FAC168346CD8
234.jpg, A4D92AF02E24CCCCC4C28257D265FAC168346CD8, 421867DD61A22910097C4CB2631AAC29C20D4A62, A4D92AF02E24CCCCC4C28257D265FAC168346CD8
235.jpg, A4D92AF02E24CCCCC4C28257D265FAC168346CD8, 421867DD61A22910097C4CB2631AAC29C20D4A62, A4D92AF02E24CCCCC4C28257D265FAC168346CD8
236.jpg, A4D92AF02E24CCCCC4C28257D265FAC168346CD8, 421867DD61A22910097C4CB2631AAC29C20D4A62, A4D92AF02E24CCCCC4C28257D265FAC168346CD8
237.jpg, A4D92AF02E24CCCCC4C28257D265FAC168346CD8, 421867DD61A22910097C4CB2631AAC29C20D4A62, A4D92AF02E24CCCCC4C28257D265FAC168346CD8
238.jpg, A4D92AF02E24CCCCC4C28257D265FAC168346CD8, 421867DD61A22910097C4CB2631AAC29C20D4A62, A4D92AF02E24CCCCC4C28257D265FAC168346CD8
239.jpg, A4D92AF02E24CCCCC4C28257D265FAC168346CD8, 421867DD61A22910097C4CB2631AAC29C20D4A62, A4D92AF02E24CCCCC4C28257D265FAC168346CD8
240.jpg, A4D92AF02E24CCCCC4C28257D265FAC168346CD8, 421867DD61A22910097C4CB2631AAC29C20D4A62, A4D92AF02E24CCCCC4C28257D265FAC168346CD8
301.hwp, 3C892606E634E72EC3D21958A3F05E499ADEA47E, D7DEE1F93DC3FC0D191E735D2FE959771EBC0386, 3C892606E634E72EC3D21958A3F05E499ADEA47E
302.hwp, 3C892606E634E72EC3D21958A3F05E499ADEA47E, D7DEE1F93DC3FC0D191E735D2FE959771EBC0386, 3C892606E634E72EC3D21958A3F05E499ADEA47E
303.hwp, 3C892606E634E72EC3D21958A3F05E499ADEA47E, D7DEE1F93DC3FC0D191E735D2FE959771EBC0386, 3C892606E634E72EC3D21958A3F05E499ADEA47E
304.hwp, 3C892606E634E72EC3D21958A3F05E499ADEA47E, D7DEE1F93DC3FC0D191E735D2FE959771EBC0386, 3C892606E634E72EC3D21958A3F05E499ADEA47E
305.hwp, 3C892606E634E72EC3D21958A3F05E499ADEA47E, D7DEE1F93DC3FC0D191E735D2FE959771EBC0386, 3C892606E634E72EC3D21958A3F05E499ADEA47E
306.hwp, 3C892606E634E72EC3D21958A3F05E499ADEA47E, D7DEE1F93DC3FC0D191E735D2FE959771EBC0386, 3C892606E634E72EC3D21958A3F05E499ADEA47E
307.hwp, 3C892606E634E72EC3D21958A3F05E499ADEA47E, D7DEE1F93DC3FC0D191E735D2FE959771EBC0386, 3C892606E634E72EC3D21958A3F05E499ADEA47E
308.hwp, 3C892606E634E72EC3D21958A3F05E499ADEA47E, D7DEE1F93DC3FC0D191E735D2FE959771EBC0386, 3C892606E634E72EC3D21958A3F05E499ADEA47E
309.hwp, 3C892606E634E72EC3D21958A3F05E499ADEA47E, D7DEE1F93DC3FC0D191E735D2FE959771EBC0386, 3C892606E634E72EC3D21958A3F05E499ADEA47E
310.hwp, 3C892606E634E72EC3D21958A3F05E499ADEA47E, D7DEE1F93DC3FC0D191E735D2FE959771EBC0386, 3C892606E634E72EC3D21958A3F05E499ADEA47E
311.hwp, 3C892606E634E72EC3D21958A3F05E499ADEA47E, D7DEE1F93DC3FC0D191E735D2FE959771EBC0386, 3C892606E634E72EC3D21958A3F05E499ADEA47E
312.hwp, 3C892606E634E72EC3D21958A3F05E499ADEA47E, D7DEE1F93DC3FC0D191E735D2FE959771EBC0386, 3C892606E634E72EC3D21958A3F05E499ADEA47E
313.hwp, 3C892606E634E72EC3D21958A3F05E499ADEA47E, D7DEE1F93DC3FC0D191E735D2FE959771EBC0386, 3C892606E634E72EC3D21958A3F05E499ADEA47E
314.hwp, 3C892606E634E72EC3D21958A3F05E499ADEA47E, D7DEE1F93DC3FC0D191E735D2FE959771EBC0386, 3C892606E634E72EC3D21958A3F05E499ADEA47E
315.hwp, 3C892606E634E72EC3D21958A3F05E499ADEA47E, D7DEE1F93DC3FC0D191E735D2FE959771EBC0386, 3C892606E634E72EC3D21958A3F05E499ADEA47E
316.hwp, 3C892606E634E72EC3D21958A3F05E499ADEA47E, D7DEE1F93DC3FC0D191E735D2FE959771EBC0386, 3C892606E634E72EC3D21958A3F05E499ADEA47E
317.hwp, 3C892606E634E72EC3D21958A3F05E499ADEA47E, D7DEE1F93DC3FC0D191E735D2FE959771EBC0386, 3C892606E634E72EC3D21958A3F05E499ADEA47E
318.hwp, 3C892606E634E72EC3D21958A3F05E499ADEA47E, D7DEE1F93DC3FC0D191E735D2FE959771EBC0386, 3C892606E634E72EC3D21958A3F05E499ADEA47E
319.hwp, 3C892606E634E72EC3D21958A3F05E499ADEA47E, D7DEE1F93DC3FC0D191E735D2FE959771EBC0386, 3C892606E634E72EC3D21958A3F05E499ADEA47E
320.hwp, 3C892606E634E72EC3D21958A3F05E499ADEA47E, D7DEE1F93DC3FC0D191E735D2FE959771EBC0386, 3C892606E634E72EC3D21958A3F05E499ADEA47E
321.hwp, 3C892606E634E72EC3D21958A3F05E499ADEA47E, D7DEE1F93DC3FC0D191E735D2FE959771EBC0386, 3C892606E634E72EC3D21958A3F05E499ADEA47E
322.hwp, 3C892606E634E72EC3D21958A3F05E499ADEA47E, D7DEE1F93DC3FC0D191E735D2FE959771EBC0386, 3C892606E634E72EC3D21958A3F05E499ADEA47E
323.hwp, 3C892606E634E72EC3D21958A3F05E499ADEA47E, D7DEE1F93DC3FC0D191E735D2FE959771EBC0386, 3C892606E634E72EC3D21958A3F05E499ADEA47E
324.hwp, 3C892606E634E72EC3D21958A3F05E499ADEA47E, D7DEE1F93DC3FC0D191E735D2FE959771EBC0386, 3C892606E634E72EC3D21958A3F05E499ADEA47E
325.hwp, 3C892606E634E72EC3D21958A3F05E499ADEA47E, D7DEE1F93DC3FC0D191E735D2FE959771EBC0386, 3C892606E634E72EC3D21958A3F05E499ADEA47E
326.hwp, 3C892606E634E72EC3D21958A3F05E499ADEA47E, D7DEE1F93DC3FC0D191E735D2FE959771EBC0386, 3C892606E634E72EC3D21958A3F05E499ADEA47E
327.hwp, 3C892606E634E72EC3D21958A3F05E499ADEA47E, D7DEE1F93DC3FC0D191E735D2FE959771EBC0386, 3C892606E634E72EC3D21958A3F05E499ADEA47E
328.hwp, 3C892606E634E72EC3D21958A3F05E499ADEA47E, D7DEE1F93DC3FC0D191E735D2FE959771EBC0386, 3C892606E634E72EC3D21958A3F05E499ADEA47E
329.hwp, 3C892606E634E72EC3D21958A3F05E499ADEA47E, D7DEE1F93DC3FC0D191E735D2FE959771EBC0386, 3C892606E634E72EC3D21958A3F05E499ADEA47E
330.hwp, ED43603E36549AF1CBB9CF6E5189C0F0B8C44513, 83DBBBA9A2C6EAD03255CF872ADDA8FF6784587B, ED43603E36549AF1CBB9CF6E5189C0F0B8C44513
331.hwp, ED43603E36549AF1CBB9CF6E5189C0F0B8C44513, 83DBBBA9A2C6EAD03255CF872ADDA8FF6784587B, ED43603E36549AF1CBB9CF6E5189C0F0B8C44513
332.hwp, ED43603E36549AF1CBB9CF6E5189C0F0B8C44513, 83DBBBA9A2C6EAD03255CF872ADDA8FF6784587B, ED43603E36549AF1CBB9CF6E5189C0F0B8C44513
333.hwp, ED43603E36549AF1CBB9CF6E5189C0F0B8C44513, 83DBBBA9A2C6EAD03255CF872ADDA8FF6784587B, ED43603E36549AF1CBB9CF6E5189C0F0B8C44513
334.hwp, ED43603E36549AF1CBB9CF6E5189C0F0B8C44513, 83DBBBA9A2C6EAD03255CF872ADDA8FF6784587B, ED43603E36549AF1CBB9CF6E5189C0F0B8C44513
335.hwp, ED43603E36549AF1CBB9CF6E5189C0F0B8C44513, 83DBBBA9A2C6EAD03255CF872ADDA8FF6784587B, ED43603E36549AF1CBB9CF6E5189C0F0B8C44513
336.hwp, ED43603E36549AF1CBB9CF6E5189C0F0B8C44513, 83DBBBA9A2C6EAD03255CF872ADDA8FF6784587B, ED43603E36549AF1CBB9CF6E5189C0F0B8C44513
337.hwp, ED43603E36549AF1CBB9CF6E5189C0F0B8C44513, 83DBBBA9A2C6EAD03255CF872ADDA8FF6784587B, ED43603E36549AF1CBB9CF6E5189C0F0B8C44513
338.hwp, ED43603E36549AF1CBB9CF6E5189C0F0B8C44513, 83DBBBA9A2C6EAD03255CF872ADDA8FF6784587B, ED43603E36549AF1CBB9CF6E5189C0F0B8C44513
339.hwp, ED43603E36549AF1CBB9CF6E5189C0F0B8C44513, 83DBBBA9A2C6EAD03255CF872ADDA8FF6784587B, ED43603E36549AF1CBB9CF6E5189C0F0B8C44513
340.hwp, ED43603E36549AF1CBB9CF6E5189C0F0B8C44513, 83DBBBA9A2C6EAD03255CF872ADDA8FF6784587B, ED43603E36549AF1CBB9CF6E5189C0F0B8C44513
401.pptx, 1397E432D3B95F13D126454443C66863AE1CDA4E, C9F6BEC1B703FD4F67E9B7F22C7048885628491F, 1397E432D3B95F13D126454443C66863AE1CDA4E
402.pptx, 1397E432D3B95F13D126454443C66863AE1CDA4E, C9F6BEC1B703FD4F67E9B7F22C7048885628491F, 1397E432D3B95F13D126454443C66863AE1CDA4E
403.pptx, 1397E432D3B95F13D126454443C66863AE1CDA4E, C9F6BEC1B703FD4F67E9B7F22C7048885628491F, 1397E432D3B95F13D126454443C66863AE1CDA4E
404.pptx, 1397E432D3B95F13D126454443C66863AE1CDA4E, C9F6BEC1B703FD4F67E9B7F22C7048885628491F, 1397E432D3B95F13D126454443C66863AE1CDA4E
405.pptx, 1397E432D3B95F13D126454443C66863AE1CDA4E, C9F6BEC1B703FD4F67E9B7F22C7048885628491F, 1397E432D3B95F13D126454443C66863AE1CDA4E
406.pptx, 1397E432D3B95F13D126454443C66863AE1CDA4E, C9F6BEC1B703FD4F67E9B7F22C7048885628491F, 1397E432D3B95F13D126454443C66863AE1CDA4E
407.pptx, 1397E432D3B95F13D126454443C66863AE1CDA4E, C9F6BEC1B703FD4F67E9B7F22C7048885628491F, 1397E432D3B95F13D126454443C66863AE1CDA4E
408.pptx, 1397E432D3B95F13D126454443C66863AE1CDA4E, C9F6BEC1B703FD4F67E9B7F22C7048885628491F, 1397E432D3B95F13D126454443C66863AE1CDA4E
409.pptx, 1397E432D3B95F13D126454443C66863AE1CDA4E, C9F6BEC1B703FD4F67E9B7F22C7048885628491F, 1397E432D3B95F13D126454443C66863AE1CDA4E
410.pptx, 1397E432D3B95F13D126454443C66863AE1CDA4E, C9F6BEC1B703FD4F67E9B7F22C7048885628491F, 1397E432D3B95F13D126454443C66863AE1CDA4E
411.pptx, 1397E432D3B95F13D126454443C66863AE1CDA4E, C9F6BEC1B703FD4F67E9B7F22C7048885628491F, 1397E432D3B95F13D126454443C66863AE1CDA4E
412.pptx, 1397E432D3B95F13D126454443C66863AE1CDA4E, C9F6BEC1B703FD4F67E9B7F22C7048885628491F, 1397E432D3B95F13D126454443C66863AE1CDA4E
413.pptx, 1397E432D3B95F13D126454443C66863AE1CDA4E, C9F6BEC1B703FD4F67E9B7F22C7048885628491F, 1397E432D3B95F13D126454443C66863AE1CDA4E
414.pptx, 1397E432D3B95F13D126454443C66863AE1CDA4E, C9F6BEC1B703FD4F67E9B7F22C7048885628491F, 1397E432D3B95F13D126454443C66863AE1CDA4E
415.pptx, 1397E432D3B95F13D126454443C66863AE1CDA4E, C9F6BEC1B703FD4F67E9B7F22C7048885628491F, 1397E432D3B95F13D126454443C66863AE1CDA4E
416.pptx, 1397E432D3B95F13D126454443C66863AE1CDA4E, C9F6BEC1B703FD4F67E9B7F22C7048885628491F, 1397E432D3B95F13D126454443C66863AE1CDA4E
417.pptx, 1397E432D3B95F13D126454443C66863AE1CDA4E, C9F6BEC1B703FD4F67E9B7F22C7048885628491F, 1397E432D3B95F13D126454443C66863AE1CDA4E
418.pptx, 1397E432D3B95F13D126454443C66863AE1CDA4E, C9F6BEC1B703FD4F67E9B7F22C7048885628491F, 1397E432D3B95F13D126454443C66863AE1CDA4E
419.pptx, 1397E432D3B95F13D126454443C66863AE1CDA4E, C9F6BEC1B703FD4F67E9B7F22C7048885628491F, 1397E432D3B95F13D126454443C66863AE1CDA4E
420.pptx, 1397E432D3B95F13D126454443C66863AE1CDA4E, C9F6BEC1B703FD4F67E9B7F22C7048885628491F, 1397E432D3B95F13D126454443C66863AE1CDA4E
421.pptx, 1397E432D3B95F13D126454443C66863AE1CDA4E, C9F6BEC1B703FD4F67E9B7F22C7048885628491F, 1397E432D3B95F13D126454443C66863AE1CDA4E
422.pptx, 1397E432D3B95F13D126454443C66863AE1CDA4E, C9F6BEC1B703FD4F67E9B7F22C7048885628491F, 1397E432D3B95F13D126454443C66863AE1CDA4E
423.pptx, 1397E432D3B95F13D126454443C66863AE1CDA4E, C9F6BEC1B703FD4F67E9B7F22C7048885628491F, 1397E432D3B95F13D126454443C66863AE1CDA4E
424.pptx, 1397E432D3B95F13D126454443C66863AE1CDA4E, C9F6BEC1B703FD4F67E9B7F22C7048885628491F, 1397E432D3B95F13D126454443C66863AE1CDA4E
425.pptx, 1397E432D3B95F13D126454443C66863AE1CDA4E, C9F6BEC1B703FD4F67E9B7F22C7048885628491F, 1397E432D3B95F13D126454443C66863AE1CDA4E
426.pptx, 1397E432D3B95F13D126454443C66863AE1CDA4E, C9F6BEC1B703FD4F67E9B7F22C7048885628491F, 1397E432D3B95F13D126454443C66863AE1CDA4E
427.pptx, 1397E432D3B95F13D126454443C66863AE1CDA4E, C9F6BEC1B703FD4F67E9B7F22C7048885628491F, 1397E432D3B95F13D126454443C66863AE1CDA4E
428.pptx, 1397E432D3B95F13D126454443C66863AE1CDA4E, C9F6BEC1B703FD4F67E9B7F22C7048885628491F, 1397E432D3B95F13D126454443C66863AE1CDA4E
429.pptx, 1397E432D3B95F13D126454443C66863AE1CDA4E, C9F6BEC1B703FD4F67E9B7F22C7048885628491F, 1397E432D3B95F13D126454443C66863AE1CDA4E
430.pptx, 1397E432D3B95F13D126454443C66863AE1CDA4E, C9F6BEC1B703FD4F67E9B7F22C7048885628491F, 1397E432D3B95F13D126454443C66863AE1CDA4E
431.pptx, 1397E432D3B95F13D126454443C66863AE1CDA4E, C9F6BEC1B703FD4F67E9B7F22C7048885628491F, 1397E432D3B95F13D126454443C66863AE1CDA4E
432.pptx, 1397E432D3B95F13D126454443C66863AE1CDA4E, C9F6BEC1B703FD4F67E9B7F22C7048885628491F, 1397E432D3B95F13D126454443C66863AE1CDA4E
433.pptx, 1397E432D3B95F13D126454443C66863AE1CDA4E, C9F6BEC1B703FD4F67E9B7F22C7048885628491F, 1397E432D3B95F13D126454443C66863AE1CDA4E
434.pptx, 1397E432D3B95F13D126454443C66863AE1CDA4E, C9F6BEC1B703FD4F67E9B7F22C7048885628491F, 1397E432D3B95F13D126454443C66863AE1CDA4E
435.pptx, 1397E432D3B95F13D126454443C66863AE1CDA4E, C9F6BEC1B703FD4F67E9B7F22C7048885628491F, 1397E432D3B95F13D126454443C66863AE1CDA4E
436.pptx, 1397E432D3B95F13D126454443C66863AE1CDA4E, C9F6BEC1B703FD4F67E9B7F22C7048885628491F, 1397E432D3B95F13D126454443C66863AE1CDA4E
437.pptx, 1397E432D3B95F13D126454443C66863AE1CDA4E, C9F6BEC1B703FD4F67E9B7F22C7048885628491F, 1397E432D3B95F13D126454443C66863AE1CDA4E
438.pptx, 1397E432D3B95F13D126454443C66863AE1CDA4E, C9F6BEC1B703FD4F67E9B7F22C7048885628491F, 1397E432D3B95F13D126454443C66863AE1CDA4E
439.pptx, 1397E432D3B95F13D126454443C66863AE1CDA4E, C9F6BEC1B703FD4F67E9B7F22C7048885628491F, 1397E432D3B95F13D126454443C66863AE1CDA4E
440.pptx, 1397E432D3B95F13D126454443C66863AE1CDA4E, C9F6BEC1B703FD4F67E9B7F22C7048885628491F, 1397E432D3B95F13D126454443C66863AE1CDA4E
501.xlsx, B4A920A703C38C2EC6A33216906EAC81FE06E9F4, 8F406F6CB2A59D7F8062B84DB3586A489780917B, B4A920A703C38C2EC6A33216906EAC81FE06E9F4
502.xlsx, B4A920A703C38C2EC6A33216906EAC81FE06E9F4, 8F406F6CB2A59D7F8062B84DB3586A489780917B, B4A920A703C38C2EC6A33216906EAC81FE06E9F4
503.xlsx, B4A920A703C38C2EC6A33216906EAC81FE06E9F4, 8F406F6CB2A59D7F8062B84DB3586A489780917B, B4A920A703C38C2EC6A33216906EAC81FE06E9F4
504.xlsx, B4A920A703C38C2EC6A33216906EAC81FE06E9F4, 8F406F6CB2A59D7F8062B84DB3586A489780917B, B4A920A703C38C2EC6A33216906EAC81FE06E9F4
505.xlsx, B4A920A703C38C2EC6A33216906EAC81FE06E9F4, 8F406F6CB2A59D7F8062B84DB3586A489780917B, B4A920A703C38C2EC6A33216906EAC81FE06E9F4
506.xlsx, B4A920A703C38C2EC6A33216906EAC81FE06E9F4, 8F406F6CB2A59D7F8062B84DB3586A489780917B, B4A920A703C38C2EC6A33216906EAC81FE06E9F4
507.xlsx, B4A920A703C38C2EC6A33216906EAC81FE06E9F4, 8F406F6CB2A59D7F8062B84DB3586A489780917B, B4A920A703C38C2EC6A33216906EAC81FE06E9F4
508.xlsx, B4A920A703C38C2EC6A33216906EAC81FE06E9F4, 8F406F6CB2A59D7F8062B84DB3586A489780917B, B4A920A703C38C2EC6A33216906EAC81FE06E9F4
509.xlsx, B4A920A703C38C2EC6A33216906EAC81FE06E9F4, 8F406F6CB2A59D7F8062B84DB3586A489780917B, B4A920A703C38C2EC6A33216906EAC81FE06E9F4
510.xlsx, B4A920A703C38C2EC6A33216906EAC81FE06E9F4, 8F406F6CB2A59D7F8062B84DB3586A489780917B, B4A920A703C38C2EC6A33216906EAC81FE06E9F4
511.xlsx, B4A920A703C38C2EC6A33216906EAC81FE06E9F4, 8F406F6CB2A59D7F8062B84DB3586A489780917B, B4A920A703C38C2EC6A33216906EAC81FE06E9F4
512.xlsx, B4A920A703C38C2EC6A33216906EAC81FE06E9F4, 8F406F6CB2A59D7F8062B84DB3586A489780917B, B4A920A703C38C2EC6A33216906EAC81FE06E9F4
513.xlsx, B4A920A703C38C2EC6A33216906EAC81FE06E9F4, 8F406F6CB2A59D7F8062B84DB3586A489780917B, B4A920A703C38C2EC6A33216906EAC81FE06E9F4
514.xlsx, B4A920A703C38C2EC6A33216906EAC81FE06E9F4, 8F406F6CB2A59D7F8062B84DB3586A489780917B, B4A920A703C38C2EC6A33216906EAC81FE06E9F4
515.xlsx, B4A920A703C38C2EC6A33216906EAC81FE06E9F4, 8F406F6CB2A59D7F8062B84DB3586A489780917B, B4A920A703C38C2EC6A33216906EAC81FE06E9F4
516.xlsx, B4A920A703C38C2EC6A33216906EAC81FE06E9F4, 8F406F6CB2A59D7F8062B84DB3586A489780917B, B4A920A703C38C2EC6A33216906EAC81FE06E9F4
517.xlsx, B4A920A703C38C2EC6A33216906EAC81FE06E9F4, 8F406F6CB2A59D7F8062B84DB3586A489780917B, B4A920A703C38C2EC6A33216906EAC81FE06E9F4
518.xlsx, B4A920A703C38C2EC6A33216906EAC81FE06E9F4, 8F406F6CB2A59D7F8062B84DB3586A489780917B, B4A920A703C38C2EC6A33216906EAC81FE06E9F4
519.xlsx, B4A920A703C38C2EC6A33216906EAC81FE06E9F4, 8F406F6CB2A59D7F8062B84DB3586A489780917B, B4A920A703C38C2EC6A33216906EAC81FE06E9F4
520.xlsx, B4A920A703C38C2EC6A33216906EAC81FE06E9F4, 8F406F6CB2A59D7F8062B84DB3586A489780917B, B4A920A703C38C2EC6A33216906EAC81FE06E9F4
521.xlsx, B4A920A703C38C2EC6A33216906EAC81FE06E9F4, 8F406F6CB2A59D7F8062B84DB3586A489780917B, B4A920A703C38C2EC6A33216906EAC81FE06E9F4
522.xlsx, B4A920A703C38C2EC6A33216906EAC81FE06E9F4, 8F406F6CB2A59D7F8062B84DB3586A489780917B, B4A920A703C38C2EC6A33216906EAC81FE06E9F4
523.xlsx, B4A920A703C38C2EC6A33216906EAC81FE06E9F4, 8F406F6CB2A59D7F8062B84DB3586A489780917B, B4A920A703C38C2EC6A33216906EAC81FE06E9F4
524.xlsx, B4A920A703C38C2EC6A33216906EAC81FE06E9F4, 8F406F6CB2A59D7F8062B84DB3586A489780917B, B4A920A703C38C2EC6A33216906EAC81FE06E9F4
525.xlsx, B4A920A703C38C2EC6A33216906EAC81FE06E9F4, 8F406F6CB2A59D7F8062B84DB3586A489780917B, B4A920A703C38C2EC6A33216906EAC81FE06E9F4
526.xlsx, B4A920A703C38C2EC6A33216906EAC81FE06E9F4, 8F406F6CB2A59D7F8062B84DB3586A489780917B, B4A920A703C38C2EC6A33216906EAC81FE06E9F4
527.xlsx, B4A920A703C38C2EC6A33216906EAC81FE06E9F4, 8F406F6CB2A59D7F8062B84DB3586A489780917B, B4A920A703C38C2EC6A33216906EAC81FE06E9F4
528.xlsx, B4A920A703C38C2EC6A33216906EAC81FE06E9F4, 8F406F6CB2A59D7F8062B84DB3586A489780917B, B4A920A703C38C2EC6A33216906EAC81FE06E9F4
529.xlsx, B4A920A703C38C2EC6A33216906EAC81FE06E9F4, 8F406F6CB2A59D7F8062B84DB3586A489780917B, B4A920A703C38C2EC6A33216906EAC81FE06E9F4
530.xlsx, B4A920A703C38C2EC6A33216906EAC81FE06E9F4, 8F406F6CB2A59D7F8062B84DB3586A489780917B, B4A920A703C38C2EC6A33216906EAC81FE06E9F4
531.xlsx, B4A920A703C38C2EC6A33216906EAC81FE06E9F4, 8F406F6CB2A59D7F8062B84DB3586A489780917B, B4A920A703C38C2EC6A33216906EAC81FE06E9F4
532.xlsx, B4A920A703C38C2EC6A33216906EAC81FE06E9F4, 8F406F6CB2A59D7F8062B84DB3586A489780917B, B4A920A703C38C2EC6A33216906EAC81FE06E9F4
533.xlsx, B4A920A703C38C2EC6A33216906EAC81FE06E9F4, 8F406F6CB2A59D7F8062B84DB3586A489780917B, B4A920A703C38C2EC6A33216906EAC81FE06E9F4
534.xlsx, B4A920A703C38C2EC6A33216906EAC81FE06E9F4, 8F406F6CB2A59D7F8062B84DB3586A489780917B, B4A920A703C38C2EC6A33216906EAC81FE06E9F4
535.xlsx, B4A920A703C38C2EC6A33216906EAC81FE06E9F4, 8F406F6CB2A59D7F8062B84DB3586A489780917B, B4A920A703C38C2EC6A33216906EAC81FE06E9F4
536.xlsx, B4A920A703C38C2EC6A33216906EAC81FE06E9F4, 8F406F6CB2A59D7F8062B84DB3586A489780917B, B4A920A703C38C2EC6A33216906EAC81FE06E9F4
537.xlsx, B4A920A703C38C2EC6A33216906EAC81FE06E9F4, 8F406F6CB2A59D7F8062B84DB3586A489780917B, B4A920A703C38C2EC6A33216906EAC81FE06E9F4
538.xlsx, B4A920A703C38C2EC6A33216906EAC81FE06E9F4, 8F406F6CB2A59D7F8062B84DB3586A489780917B, B4A920A703C38C2EC6A33216906EAC81FE06E9F4
539.xlsx, B4A920A703C38C2EC6A33216906EAC81FE06E9F4, 8F406F6CB2A59D7F8062B84DB3586A489780917B, B4A920A703C38C2EC6A33216906EAC81FE06E9F4
540.xlsx, B4A920A703C38C2EC6A33216906EAC81FE06E9F4, 8F406F6CB2A59D7F8062B84DB3586A489780917B, B4A920A703C38C2EC6A33216906EAC81FE06E9F4
601.docx, C7B7B863FB667FB4AB206C449C38DE2FE2D977BA, C2FEE7B773530F31AF088368D62884C598402DD3, C7B7B863FB667FB4AB206C449C38DE2FE2D977BA
602.docx, C7B7B863FB667FB4AB206C449C38DE2FE2D977BA, C2FEE7B773530F31AF088368D62884C598402DD3, C7B7B863FB667FB4AB206C449C38DE2FE2D977BA
603.docx, C7B7B863FB667FB4AB206C449C38DE2FE2D977BA, C2FEE7B773530F31AF088368D62884C598402DD3, C7B7B863FB667FB4AB206C449C38DE2FE2D977BA
604.docx, C7B7B863FB667FB4AB206C449C38DE2FE2D977BA, C2FEE7B773530F31AF088368D62884C598402DD3, C7B7B863FB667FB4AB206C449C38DE2FE2D977BA
605.docx, C7B7B863FB667FB4AB206C449C38DE2FE2D977BA, C2FEE7B773530F31AF088368D62884C598402DD3, C7B7B863FB667FB4AB206C449C38DE2FE2D977BA
606.docx, C7B7B863FB667FB4AB206C449C38DE2FE2D977BA, C2FEE7B773530F31AF088368D62884C598402DD3, C7B7B863FB667FB4AB206C449C38DE2FE2D977BA
607.docx, C7B7B863FB667FB4AB206C449C38DE2FE2D977BA, C2FEE7B773530F31AF088368D62884C598402DD3, C7B7B863FB667FB4AB206C449C38DE2FE2D977BA
608.docx, C7B7B863FB667FB4AB206C449C38DE2FE2D977BA, C2FEE7B773530F31AF088368D62884C598402DD3, C7B7B863FB667FB4AB206C449C38DE2FE2D977BA
609.docx, C7B7B863FB667FB4AB206C449C38DE2FE2D977BA, C2FEE7B773530F31AF088368D62884C598402DD3, C7B7B863FB667FB4AB206C449C38DE2FE2D977BA
610.docx, C7B7B863FB667FB4AB206C449C38DE2FE2D977BA, C2FEE7B773530F31AF088368D62884C598402DD3, C7B7B863FB667FB4AB206C449C38DE2FE2D977BA
611.docx, C7B7B863FB667FB4AB206C449C38DE2FE2D977BA, C2FEE7B773530F31AF088368D62884C598402DD3, C7B7B863FB667FB4AB206C449C38DE2FE2D977BA
612.docx, C7B7B863FB667FB4AB206C449C38DE2FE2D977BA, C2FEE7B773530F31AF088368D62884C598402DD3, C7B7B863FB667FB4AB206C449C38DE2FE2D977BA
613.docx, C7B7B863FB667FB4AB206C449C38DE2FE2D977BA, C2FEE7B773530F31AF088368D62884C598402DD3, C7B7B863FB667FB4AB206C449C38DE2FE2D977BA
614.docx, C7B7B863FB667FB4AB206C449C38DE2FE2D977BA, C2FEE7B773530F31AF088368D62884C598402DD3, C7B7B863FB667FB4AB206C449C38DE2FE2D977BA
615.docx, C7B7B863FB667FB4AB206C449C38DE2FE2D977BA, C2FEE7B773530F31AF088368D62884C598402DD3, C7B7B863FB667FB4AB206C449C38DE2FE2D977BA
616.docx, C7B7B863FB667FB4AB206C449C38DE2FE2D977BA, C2FEE7B773530F31AF088368D62884C598402DD3, C7B7B863FB667FB4AB206C449C38DE2FE2D977BA
617.docx, C7B7B863FB667FB4AB206C449C38DE2FE2D977BA, C2FEE7B773530F31AF088368D62884C598402DD3, C7B7B863FB667FB4AB206C449C38DE2FE2D977BA
618.docx, C7B7B863FB667FB4AB206C449C38DE2FE2D977BA, C2FEE7B773530F31AF088368D62884C598402DD3, C7B7B863FB667FB4AB206C449C38DE2FE2D977BA
619.docx, C7B7B863FB667FB4AB206C449C38DE2FE2D977BA, C2FEE7B773530F31AF088368D62884C598402DD3, C7B7B863FB667FB4AB206C449C38DE2FE2D977BA
620.docx, C7B7B863FB667FB4AB206C449C38DE2FE2D977BA, C2FEE7B773530F31AF088368D62884C598402DD3, C7B7B863FB667FB4AB206C449C38DE2FE2D977BA
621.docx, C7B7B863FB667FB4AB206C449C38DE2FE2D977BA, C2FEE7B773530F31AF088368D62884C598402DD3, C7B7B863FB667FB4AB206C449C38DE2FE2D977BA
622.docx, C7B7B863FB667FB4AB206C449C38DE2FE2D977BA, C2FEE7B773530F31AF088368D62884C598402DD3, C7B7B863FB667FB4AB206C449C38DE2FE2D977BA
623.docx, C7B7B863FB667FB4AB206C449C38DE2FE2D977BA, C2FEE7B773530F31AF088368D62884C598402DD3, C7B7B863FB667FB4AB206C449C38DE2FE2D977BA
624.docx, C7B7B863FB667FB4AB206C449C38DE2FE2D977BA, C2FEE7B773530F31AF088368D62884C598402DD3, C7B7B863FB667FB4AB206C449C38DE2FE2D977BA
625.docx, C7B7B863FB667FB4AB206C449C38DE2FE2D977BA, C2FEE7B773530F31AF088368D62884C598402DD3, C7B7B863FB667FB4AB206C449C38DE2FE2D977BA
626.docx, C7B7B863FB667FB4AB206C449C38DE2FE2D977BA, C2FEE7B773530F31AF088368D62884C598402DD3, C7B7B863FB667FB4AB206C449C38DE2FE2D977BA
627.docx, C7B7B863FB667FB4AB206C449C38DE2FE2D977BA, C2FEE7B773530F31AF088368D62884C598402DD3, C7B7B863FB667FB4AB206C449C38DE2FE2D977BA
628.docx, C7B7B863FB667FB4AB206C449C38DE2FE2D977BA, C2FEE7B773530F31AF088368D62884C598402DD3, C7B7B863FB667FB4AB206C449C38DE2FE2D977BA
629.docx, C7B7B863FB667FB4AB206C449C38DE2FE2D977BA, C2FEE7B773530F31AF088368D62884C598402DD3, C7B7B863FB667FB4AB206C449C38DE2FE2D977BA
630.docx, C7B7B863FB667FB4AB206C449C38DE2FE2D977BA, C2FEE7B773530F31AF088368D62884C598402DD3, C7B7B863FB667FB4AB206C449C38DE2FE2D977BA
631.docx, C7B7B863FB667FB4AB206C449C38DE2FE2D977BA, C2FEE7B773530F31AF088368D62884C598402DD3, C7B7B863FB667FB4AB206C449C38DE2FE2D977BA
632.docx, C7B7B863FB667FB4AB206C449C38DE2FE2D977BA, C2FEE7B773530F31AF088368D62884C598402DD3, C7B7B863FB667FB4AB206C449C38DE2FE2D977BA
633.docx, C7B7B863FB667FB4AB206C449C38DE2FE2D977BA, C2FEE7B773530F31AF088368D62884C598402DD3, C7B7B863FB667FB4AB206C449C38DE2FE2D977BA
634.docx, C7B7B863FB667FB4AB206C449C38DE2FE2D977BA, C2FEE7B773530F31AF088368D62884C598402DD3, C7B7B863FB667FB4AB206C449C38DE2FE2D977BA
635.docx, C7B7B863FB667FB4AB206C449C38DE2FE2D977BA, C2FEE7B773530F31AF088368D62884C598402DD3, C7B7B863FB667FB4AB206C449C38DE2FE2D977BA
636.docx, C7B7B863FB667FB4AB206C449C38DE2FE2D977BA, C2FEE7B773530F31AF088368D62884C598402DD3, C7B7B863FB667FB4AB206C449C38DE2FE2D977BA
637.docx, C7B7B863FB667FB4AB206C449C38DE2FE2D977BA, C2FEE7B773530F31AF088368D62884C598402DD3, C7B7B863FB667FB4AB206C449C38DE2FE2D977BA
638.docx, C7B7B863FB667FB4AB206C449C38DE2FE2D977BA, C2FEE7B773530F31AF088368D62884C598402DD3, C7B7B863FB667FB4AB206C449C38DE2FE2D977BA
639.docx, C7B7B863FB667FB4AB206C449C38DE2FE2D977BA, C2FEE7B773530F31AF088368D62884C598402DD3, C7B7B863FB667FB4AB206C449C38DE2FE2D977BA
640.docx, C7B7B863FB667FB4AB206C449C38DE2FE2D977BA, C2FEE7B773530F31AF088368D62884C598402DD3, C7B7B863FB667FB4AB206C449C38DE2FE2D977BA
